INSERT INTO users (id, age, avatar_url, bio, created_at, email, first_name, gender, last_name, password, username)
VALUES
    (1, 25, 'https://example.com/avatar1.jpg', 'Bio for user 1', '2025-04-29 12:00:00', 'user1@example.com', 'John', 'Male', 'Doe', '1234567890', 'user'),
    (2, 30, 'https://example.com/avatar2.jpg', 'Bio for user 2', '2025-04-28 14:00:00', 'user2@example.com', 'Jane', 'Female', 'Smith', 'password456', 'jane_smith'),
    (3, 22, 'https://example.com/avatar3.jpg', 'Bio for user 3', '2025-04-27 10:00:00', 'user3@example.com', 'Alice', 'Female', 'Johnson', 'password789', 'alice_johnson'),
    (4, 28, 'https://example.com/avatar4.jpg', 'Bio for user 4', '2025-04-26 16:00:00', 'user4@example.com', 'Bob', 'Male', 'Williams', 'password012', 'bob_williams'),
    (5, 35, 'https://example.com/avatar5.jpg', 'Bio for user 5', '2025-04-25 08:00:00', 'user5@example.com', 'Charlie', 'Male', 'Brown', 'password345', 'charlie_brown');

INSERT INTO categories (categoryid, description, image_url, name)
VALUES
    (1, 'Поради та ресурси для подолання апатії й відновлення емоційного стану.', '/images/apatia.png', 'Апатія'),
    (2, 'Матеріали для боротьби з депресією та підтримки психічного здоров’я.', '/images/depresion.jpg', 'Депресія'),
    (3, 'Інформація та поради для подолання емоційного вигорання і відновлення енергії.', '/images/vugoranie.jpg', 'Емоційне вигорання'),
    (4, 'Підтримка та поради для зміцнення ментального здоров’я й емоційної рівноваги.', '/images/kolorova.png', 'Ментальна підтримка'),
    (5, 'Поради щодо подолання стресу та збереження емоційної стійкості в складних ситуаціях.', '/images/stress.jpeg', 'Стрес');


INSERT INTO tags (id, name)
VALUES
    ( 1, 'mental health'),
    ( 2, 'depression'),
    ( 3, 'anxiety'),
    ( 4, 'self-care'),
    ( 5, 'wellness'),
    ( 6, 'hapiness'),
    ( 7, 'stress'),
    ( 8, 'relaxation'),
    ( 9, 'anger'),
    ( 10, 'meditation');

INSERT INTO posts (postid, content, created_at, is_anonymous, title, category_id, user_id)
VALUES
    (1, 'Ментальне здоров’я таке ж важливе, як і фізичне. Важливо говорити про нього та звертатися по допомогу, коли це потрібно.', '2025-04-29 12:30:00', FALSE, 'Важливість ментального здоров’я', 1, 1),
    (2, 'Депресія може торкнутися будь-кого, незалежно від віку чи походження. Звернення до терапії може стати важливим кроком на шляху до одужання.', '2025-04-28 10:15:00', TRUE, 'Як впоратися з депресією', 2, 2),
    (3, 'Тривожність може бути виснажливою, але існують методи її подолання, такі як усвідомленість та вправи на розслаблення.', '2025-04-27 15:45:00', FALSE, 'Як боротися з тривожністю', 3, 3),
    (4, 'Самодогляд — це не егоїзм. Це важлива складова підтримки доброго психічного стану. Приділяйте час собі та відновлюйте сили.', '2025-04-26 09:00:00', TRUE, 'Сила самодогляду', 4, 4),
    (5, 'Благополуччя — це про досягнення балансу в житті, турботу про розум і тіло. Ставте ментальне здоров’я в пріоритет.', '2025-04-25 18:20:00', FALSE, 'Досягнення благополуччя', 5, 5);

INSERT INTO post_tags (post_id, tag_id)
VALUES
    (1,2),
    (2,2),
    (3,4),
    (5,1),
    (2,3);

INSERT INTO diary_entries (id, content, created_at, is_private_status, mood, updated_at, user_id)
VALUES
    (1, 'Сьогодні був чудовий день. У мене була продуктивна зустріч і я провів якісний час із друзями. Відчуваю себе щасливим і задоволеним.', '2025-04-29 20:00:00', FALSE, 'Щасливий', '2025-04-29 20:30:00', 1),
    (2, 'Увесь день я відчував тривогу. Було важко зосередитися на роботі, я постійно думав про те, що може піти не так.', '2025-04-28 21:15:00', TRUE, 'Тривожний', '2025-04-28 21:30:00', 2),
    (3, 'Сьогодні день був дещо напруженим. Було важко поєднати роботу й особисте життя, але я впорався з деякими завданнями.', '2025-04-27 22:45:00', FALSE, 'Стресовий', '2025-04-27 23:00:00', 3),
    (4, 'Сьогодні я взяв перерву та пішов на прогулянку в парк. Після цього почувався набагато краще. Іноді свіже повітря робить велику різницю.', '2025-04-26 18:30:00', FALSE, 'Розслаблений', '2025-04-26 19:00:00', 4),
    (5, 'Сьогодні я почувався трохи пригнічено. Погода похмура, і день видався невдалим. Сподіваюся, завтра буде краще.', '2025-04-25 19:00:00', TRUE, 'Сумний', '2025-04-25 19:30:00', 5);

INSERT INTO diary_tags (diary_id, tag_id)
VALUES
    (1, 10),
    (1, 9),
    (2, 3),
    (3, 8),
    (4, 7),
    (5, 6);


INSERT INTO comments (id, content, created_at, is_anonymous, post_id, user_id)
VALUES
    (1, 'Це надзвичайно сильний пост. Я можу співвіднестися з багатьма речами, які ви описали!', '2025-04-29 21:00:00', FALSE, 1, 2),
    (2, 'Не з усім тут погоджуюся, але вдячний за вашу точку зору.', '2025-04-28 19:30:00', TRUE, 2, 3),
    (3, 'Дякую, що поділилися своїм досвідом. Це дає надію на краще.', '2025-04-27 20:15:00', FALSE, 3, 4),
    (4, 'Чудовий пост! Дуже інформативний та надихає.', '2025-04-26 22:00:00', TRUE, 4, 5),
    (5, 'Останнім часом переживаю щось подібне, ваш пост дуже мене підтримав.', '2025-04-25 18:45:00', FALSE, 5, 1);








